Date,Close,Volume
2025-07-01,47.33936309814453,74674904
2025-07-02,47.349098205566406,75071035
2025-07-03,48.001182556152344,61179330
2025-07-04,47.55348205566406,73712387
2025-07-07,47.27123260498047,78503277
2025-07-08,47.0571174621582,50214875
2025-07-09,47.54374694824219,38540142
2025-07-10,48.08877182006836,53089295
2025-07-11,48.293155670166016,44752569
2025-07-14,48.01091384887695,62300823
2025-07-15,48.66299819946289,68008041
2025-07-16,49.05229949951172,90231230
2025-07-17,49.34428024291992,88235423
2025-07-18,50.074222564697266,105861549
2025-07-21,49.888004302978516,75792981
2025-07-22,49.544960021972656,88841474
2025-07-23,49.69198226928711,63766890
2025-07-24,49.98601531982422,79659820
2025-07-25,49.888004302978516,38620389
2025-07-28,50.03501892089844,52312766
2025-07-29,49.44694900512695,102624231
2025-07-30,49.98601531982422,82807206
2025-07-31,50.525081634521484,81565859
2025-08-01,50.084022521972656,98235777
2025-08-04,49.78998947143555,85556033
2025-08-05,50.427066802978516,46655329
2025-08-06,49.98601531982422,48326240
2025-08-07,51.407188415527344,125733157
2025-08-08,51.407188415527344,59604000
2025-08-11,51.799232482910156,71600855
2025-08-12,51.84823989868164,57519835
2025-08-13,52.28928756713867,75956144
2025-08-14,52.09326934814453,57038858
2025-08-15,52.09326934814453,52736409
2025-08-18,52.24028778076172,46297216
2025-08-19,52.142276763916016,29425841
2025-08-20,50.672096252441406,223798736
2025-08-21,50.96613311767578,73508730
2025-08-22,50.72110366821289,44549133
2025-08-25,51.652217864990234,62750061
2025-08-26,51.70121765136719,40863870
2025-08-27,51.946250915527344,90133682
2025-08-28,51.45619201660156,59176066
2025-08-29,51.45619201660156,36369305
2025-09-01,50.96613311767578,76529981
2025-09-02,50.96613311767578,33217612
2025-09-03,50.9171257019043,39472404
2025-09-04,51.26016616821289,37461241
2025-09-05,51.799232482910156,37395300
2025-09-08,52.28928756713867,59980892
2025-09-09,52.8283576965332,56315324
2025-09-10,53.85748291015625,73272121
2025-09-11,54.34754180908203,84750243
2025-09-12,54.88660430908203,57457218
2025-09-15,54.88660430908203,52544684
2025-09-16,55.62169647216797,63314427
2025-09-17,55.229644775390625,66204045
2025-09-18,55.817718505859375,44089588
2025-09-19,55.866722106933594,71674519
2025-09-22,56.25876998901367,56355369
2025-09-23,57.28789520263672,89181458
2025-09-24,57.2388916015625,90579906
2025-09-25,57.04286193847656,56318217
2025-09-26,56.111751556396484,158564436
2025-09-30,56.65081787109375,62389962
2025-10-01,56.94485092163086,74531798
2025-10-02,58.02298355102539,72057003
2025-10-03,58.856082916259766,73601535
2025-10-07,60.4732780456543,132381054
2025-10-08,59.93421173095703,112448112
2025-10-09,60.37526321411133,72911291
2025-10-13,59.787193298339844,261787970
2025-10-14,59.493160247802734,157148588
2025-10-15,60.5712890625,97216134
2025-10-16,61.74742889404297,112923095
2025-10-17,60.81631851196289,157583768
2025-10-20,61.84543991088867,102880277
2025-10-21,61.94345474243164,124931191
2025-10-22,61.45339584350586,116660310
2025-10-23,61.1103515625,161355781
2025-10-27,62.531524658203125,102297434
2025-10-28,62.09047317504883,93730892
2025-10-29,63.119598388671875,65206490
2025-10-30,63.119598388671875,91073965
2025-10-31,63.46263885498047,53629924
2025-11-03,62.874568939208984,130638786
2025-11-04,62.67853927612305,83118781
2025-11-05,61.894447326660156,210997899
2025-11-06,62.041465759277344,65559913
2025-11-07,61.306373596191406,102458588
2025-11-10,62.09047317504883,80256746
2025-11-11,61.649417877197266,75382949
2025-11-12,61.94345474243164,59822193
2025-11-13,61.649417877197266,74963633
2025-11-14,60.4732780456543,204108022
2025-11-17,60.66930389404297,86927813
2025-11-18,59.248130798339844,240526230
2025-11-19,58.856082916259766,138705085
2025-11-20,60.66930389404297,81330710
2025-11-21,58.660057067871094,299502200
2025-11-24,58.366024017333984,153617414
2025-11-25,59.150115966796875,61913501
2025-11-26,60.13023376464844,73622900
2025-11-27,60.66930389404297,52209933
2025-11-28,61.1103515625,66700125
2025-12-01,60.277252197265625,96548521
2025-12-02,60.4732780456543,41397425
2025-12-03,61.061344146728516,44855416
2025-12-04,60.96333694458008,38785824
2025-12-05,61.502403259277344,45051403
2025-12-08,62.43351364135742,76124318
2025-12-09,62.33549880981445,48271330
2025-12-10,62.77655792236328,64151249
2025-12-11,62.09047317504883,94638653
2025-12-12,62.18848419189453,57687594
2025-12-15,61.5514030456543,105905436
2025-12-16,61.0123405456543,155552766
2025-12-17,60.66930389404297,89657544
2025-12-18,60.66930389404297,112535790
2025-12-19,61.25737380981445,79433169
2025-12-22,62.13947677612305,91596850
2025-12-23,62.43351364135742,100327038
2025-12-24,62.580528259277344,62393202
2025-12-26,63.119598388671875,68362335
2025-12-29,63.952693939208984,83563905
2025-12-30,63.85468673706055,58116367
2025-12-31,64.29573822021484,69494353
2026-01-02,65.618896484375,77878570
2026-01-05,68.11819458007812,225924687
2026-01-06,69.00030517578125,125256215
2026-01-07,68.46123504638672,113869755
2026-01-08,68.70626831054688,71394567
2026-01-09,68.46123504638672,106682469
2026-01-12,68.95130157470703,80365400
2026-01-13,69.2943344116211,99445355
2026-01-14,69.34334564208984,82266008
2026-01-15,69.24533081054688,89452635
2026-01-16,70.56849670410156,97268614
2026-01-19,71.15656280517578,116848644
2026-01-20,71.15656280517578,104977401
2026-01-21,70.42147064208984,161269608
2026-01-22,71.36573028564453,96360058
2026-01-23,71.81300354003906,68701320
2026-01-26,71.81300354003906,84082813
2026-01-27,72.60816955566406,70421120
2026-01-28,73.75120544433594,87294077
2026-01-29,73.3039321899414,111905919
2026-01-30,72.160888671875,159055585
2026-02-02,71.06754302978516,211262670
2026-02-03,72.5087661743164,70926930
2026-02-04,72.45907592773438,56597222
2026-02-05,71.56451416015625,95746290
2026-02-06,71.46512603759766,102980565
2026-02-09,73.50271606445312,118533745
2026-02-10,75.04335021972656,98559015
2026-02-11,76.73306274414062,114028587
2026-02-23,76.93185424804688,212974781
2026-02-24,78.91976165771484,143721014
2026-02-25,80.6094741821289,158561421
2026-02-26,80.65917205810547,123812672
2026-03-02,79.864013671875,204278933
2026-03-03,78.27368927001953,288356288
2026-03-04,75.14273834228516,455564304
2026-03-05,76.93185424804688,194777972
2026-03-06,76.38517761230469,139697065
2026-03-09,73.15483856201172,493890200
2026-03-10,74.74515533447266,164247105
2026-03-11,77.72701263427734,147508364
2026-03-12,76.1366958618164,120680192
2026-03-13,75.4906234741211,105970280
2026-03-16,75.14273834228516,97649824
2026-03-17,76.18639373779297,61503521
2026-03-18,77.32943725585938,72305179
2026-03-19,75.54032135009766,128778782
2026-03-20,75.44092559814453,67265037
2026-03-23,73.80091094970703,210502502
2026-03-24,73.95000457763672,83942753
2026-03-25,75.7391128540039,91456088
2026-03-26,75.34153747558594,76157584
2026-03-27,74.54637145996094,106078935
2026-03-30,73.4530258178711,158608942
2026-03-31,71.91239929199219,231400782
2026-04-01,74.99364471435547,126562159
2026-04-02,73.50271606445312,105707506
2026-04-07,74.84455871582031,76885542
2026-04-08,78.72096252441406,227364928
2026-04-09,78.67127227783203,92049631
2026-04-10,80.2615966796875,115520077
2026-04-13,80.11249542236328,87581345
2026-04-14,82.59738159179688,123920345
2026-04-15,83.64102935791016,122414906
2026-04-16,84.48588562011719,76987129
2026-04-17,83.64102935791016,93304532
2026-04-20,84.03861236572266,95994589
2026-04-21,85.4798355102539,71987659
2026-04-22,85.82772064208984,64147874
2026-04-23,85.82772064208984,148310644
2026-04-24,89.40594482421875,125117290
2026-04-27,92.4375,183173507
2026-04-28,91.44355010986328,114706934
2026-04-29,90.20111083984375,93857452
2026-04-30,89.95262145996094,82229228
2026-05-04,94.02782440185547,120393477
2026-05-05,94.02782440185547,76579608
2026-05-06,95.17086791992188,105507530
2026-05-07,97.10906982421875,110289613
2026-05-08,96.4133071899414,117639791
2026-05-11,96.31391143798828,88544547
2026-05-12,96.26421356201172,94676481
2026-05-13,94.92237854003906,113598688
2026-05-14,95.46905517578125,53565899
2026-05-15,94.82298278808594,90487261
2026-05-18,94.32601165771484,105172915
2026-05-19,92.53689575195312,116385289
2026-05-20,91.94052124023438,108931614
2026-05-21,95.270263671875,59494294
2026-05-22,96.71149444580078,60917271
2026-05-25,100.19032287597656,124114624
2026-05-26,99.49455261230469,87695026
2026-05-27,101.92974090576172,90102044
2026-05-28,99.89213562011719,140421329
2026-05-29,104.76250457763672,98892043
2026-06-01,104.86189270019531,127067000
2026-06-02,105.06068420410156,107794552
2026-06-03,106.9491958618164,75111550
2026-06-04,105.45826721191406,108491104
2026-06-05,103.52006530761719,164564140
2026-06-08,100.33941650390625,320685641
2026-06-09,102.87399291992188,89392847
2026-06-10,99.64364624023438,166445287
2026-06-11,99.2460708618164,248828975
2026-06-12,101.33336639404297,73401960
2026-06-15,104.61341094970703,95906242
2026-06-16,105.25947570800781,67088029
2026-06-17,105.35887145996094,75416209
2026-06-18,106.65100860595703,74587200
2026-06-22,110.47772216796875,110460961
2026-06-23,109.43407440185547,120564830
2026-06-24,106.50191497802734,208531754
2026-06-25,106.5516128540039,89454929
2026-06-26,102.47640991210938,251693794
2026-06-29,103.81824493408203,101519378
2026-06-30,107.14798736572266,103816325
